Ranking,Username,Subscribers,Uploads,Views,Country
1,T-Series,245000000,20082,2.28E+11,India
2,YouTube Movies,170000000,1,0,United States
3,MrBeast,166000000,741,28368841870,United States
4,Cocomelon - Nursery Rhymes,162000000,966,1.64E+11,United States
5,SET India,159000000,116536,1.48E+11,India
6,Music,119000000,0,0,nan
7,?Kids Diana Show,112000000,1111,93247040539,United States
8,PewDiePie,111000000,4716,29058044447,Japan
9,Like Nastya,106000000,493,90479060027,Russia
10,Vlad and Niki,98900000,574,77180169894,United States
11,Zee Music Company,96700000,8548,57856289381,India
12,WWE,96000000,70127,77428473662,United States
13,Gaming,93600000,0,0,nan
14,BLACKPINK,89800000,543,32144597566,South Korea
15,Goldmines,86900000,1,24118230580,nan
16,Sony SAB,83000000,71270,1.01E+11,India
17,5-Minute Crafts,80100000,1,26236790209,United Kingdom
18,BANGTANTV,75600000,2281,20826993957,South Korea
19,Sports,75000000,3,0,United States
20,Justin Bieber,71600000,249,30608119724,Canada
21,HYBE LABELS,71300000,1337,28634566938,South Korea
22,Zee TV,70500000,129204,73139054467,India
23,Pinkfong Baby Shark - Kids' Songs & Stories,68200000,2865,38843229963,United States
24,Canal KondZilla,66500000,2572,36775585925,Brazil
25,ChuChu TV Nursery Rhymes & Kids Songs,65900000,633,45757850229,India
26,Shemaroo Filmi Gaane,65600000,8502,28648024439,India
27,Colors TV,64600000,112915,61510906457,India
28,T-Series Bhakti Sagar,61000000,13,29533230328,India
29,Dude Perfect,59500000,389,16241549158,United States
30,Movieclips,59500000,39113,59316472754,United States
31,Tips Official,59300000,4741,33431802698,India
32,El Reino Infantil,58400000,1510,57271630846,Argentina
33,Wave Music,58000000,19487,40602020243,India
34,Aaj Tak,57600000,283775,25307753534,India
35,Sony Music India,57200000,3882,28837144516,India
36,EminemMusic,56900000,156,27073872856,United States
37,Marshmello,56400000,436,14696003229,United States
38,YRF,54600000,3707,35302243691,India
39,LooLoo Kids - Nursery Rhymes and Children's Songs,54000000,nan,32312431239,nan
40,Ed Sheeran,53500000,383,30367676736,United Kingdom
41,Infobells - Hindi,53300000,577,30516172739,India
42,Taylor Swift,52900000,216,29884657286,United States
43,Ariana Grande,52700000,147,24004842608,United States
44,BillionSurpriseToys  - Nursery Rhymes & Cartoons,52200000,United States,9877365274,US
45,JuegaGerman,48100000,2052,14631710289,Chile
46,Billie Eilish,47900000,65,13626331061,United States
47,Get Movies,47500000,3322,30788679536,Russia
48,Shemaroo,47400000,11451,22519705183,India
49,Badabun,46800000,1,19398045702,nan
50,SonyMusicIndiaVEVO,46600000,3444,27286058807,United States
51,A4,46300000,1,22936630813,Cuba
52,Bad Bunny,46100000,1,30686342319,nan
53,Fernanfloo,46100000,543,10323391593,El Salvador
54,Voot Kids,45500000,4660,21388725229,India
55,Felipe Neto,45200000,4331,16602198273,Brazil
56,Voc锟斤拷锟?44700000,7828610828,BR,Entertainment,Entertainment
57,HAR PAL GEO,44600000,100755,41139050371,Pakistan
58,BRIGHT SIDE,44500000,0,10708531817,nan
59,Katy Perry,44200000,128,25458952022,United States
60,whinderssonnunes,44200000,558,4274709210,Brazil
61,ABS-CBN Entertainment,44200000,193890,50292540392,Philippines
62,Alan Walker,43700000,8,12884264778,Thailand
63,HolaSoyGerman.,43600000,6,4831311245,nan
64,Shakira,43500000,326,27568757295,Colombia
65,  ,43200000,1478,36458726976,Russia
66,ARY Digital HD,43200000,109871,37939780685,Pakistan
67,Speed Records,42500000,10938,26820902622,India
68,Masha and The Bear,42400000,1218,24519022988,United States
69,Like Nastya Show,42400000,618,19547696190,United States
70,Rihanna,41900000,84,22477745835,Barbados
71,Ishtar Music,41400000,4510,17608931161,India
72,Kimberly Loaiza,41300000,291,5603111948,Mexico
73,Little Baby Bum - Nursery Rhymes & Kids Songs,40900000,2423,39450824833,United States
74,Luisito Comunica,40600000,0,8670473639,Mexico
75,elrubiusOMG,40400000,703,7410536668,nan
76,Toys and Colors,40300000,4,47005053156,nan
77,shfa2 - 锟斤拷,39700000,1596,23884824160,United Arab Emirates
78,LUCCAS NETO - LUCCAS TOON,39400000,1,22302547082,nan
79,CarryMinati,39200000,186,3294013141,India
80,XXXTENTACION,39200000,133,10507474316,United States
81,Super Simple Songs - Kids Songs,39200000,744,44900897958,Canada
82,Mikecrack,39100000,1876,16118181673,Spain
83,WorkpointOfficial,39000000,72580,36131228583,Thailand
84,GR6 EXPLODE,38900000,3043,25154232306,Brazil
85,TEDx Talks,38600000,200933,7339333120,United States
86,shfa,38400000,982,21528116909,Saudi Arabia
87,Goldmines Gaane Sune Ansune,38300000,3532,16718192386,India
88,One Direction,38200000,11,13598903820,United States
89,TheEllenShow,38200000,15672,22756581750,United States
90,Sony PAL,38200000,24089,28519339489,India
91,Daddy Yankee,38000000,505,22731415608,United States
92,Vlad v锟斤拷?37900000,23510152352,US,nan,Entertainment
93,Like Nastya ESP,37600000,743,18208196857,United States
94, one31,37500000,117152,27262462114,Thailand
95,Jkk Entertainment,37200000,220,16402066717,India
96,ABP NEWS,37000000,301308,13102611515,India
97,Maria Clara & JP,37000000,744,24188861917,Brazil
98,Bruno Mars,36700000,99,19378155425,United States
99,Maroon 5,36600000,171,22553923546,United States
100,Ultra Bollywood,36600000,9168,15653786446,India
101,PowerKids TV,36500000,5621,18961241905,nan
102,YouTube,36300000,744,3010784935,United States
103,News,36300000,0,0,nan
104,Ozuna,36200000,196,23355801606,nan
105,MrBeast Gaming,36100000,5,6331332547,nan
106,La Granja de Zen锟?35700000,27118354077,AR,Music,Music
107,Saregama Music,35500000,7566,15657673422,India
108,IndiaTV,35500000,273255,16105023749,India
109,T-Series Bollywood Classics,35400000,2010,22637783517,India
110,Total Gaming,35400000,1,5556364230,nan
111,Markiplier,35200000,5490,20297931219,United States
112,Ryan's World,35200000,2453,55299840198,United States
113,Genevieve's Playhouse - Learning Videos for Kids,34900000,United States,25607397308,US
114,T-Series Apna Punjab,34600000,0,21306315429,nan
115,Techno Gamerz,34400000,1,9690499664,nan
116,Geet MP3,34300000,679,12746535822,India
117,J Balvin,34100000,141,23005313609,Colombia
118,Jess No Limit,34000000,2284,3963007415,Indonesia
119,Jingle Toons,34000000,240,11351015824,India
120,VEGETTA777,33800000,7606,15432929204,Spain
121,Galinha Pintadinha,33800000,66,27274550757,Brazil
122,SSSniperWolf,33700000,3366,23492684419,United States
123,Desi Music Factory,33700000,2,10189027455,nan
124,Selena Gomez,33600000,188,13013567335,United States
125,Rajshri,33500000,3741,14864294792,India
126,Ch3Thailand,33500000,96214,29611914495,Thailand
127,KHANDESHI MOVIES,33500000,217,11405809704,India
128,NoCopyrightSounds,33400000,1331,10530729078,United Kingdom
129,CVS 3D Rhymes & Kids Songs,33400000,338,20269857567,India
130,Ricis Official,33300000,2736,5994136760,Indonesia
131,BabyBus - Kids Songs and Cartoons,32800000,2122,26355088167,United States
132,Eros Now Music,32700000,1521,17853798780,India
133,BETER B锟斤拷,32700000,2738,19180039918,Turkey
134,DisneyMusicVEVO,32700000,2068,28516250629,United States
135,The Weeknd,32600000,169,23379969006,Canada
136,WowKidz,32200000,2,16613441479,nan
137,KAROL G,32100000,134,18699145555,Colombia
138,Mr Bean,32100000,3091,10602236110,United Kingdom
139,rezendeevil,32100000,11882,13061739758,Brazil
140,StarPlus,32000000,44892,26800674545,India
141,SMTOWN,31900000,4158,27330239663,nan
142,GMA  Network,31900000,93311,19428308461,Philippines
143,GENIAL,31800000,6734,6762424690,Mexico
144,MR. INDIAN HACKER,31700000,929,5711208484,India
145,Worldwide Records Bhojpuri,31700000,6518,16476978876,India
146,DONA 锟斤拷,31700000,166,21031745531,United States
147,Dream,31700000,116,2930015381,United States
148,Lucas and Marcus,31600000,1321,11615848291,United States
149,JustinBieberVEVO,31600000,204,26583873105,United States
150,Luis Fonsi,31400000,0,15176762479,nan
151,Peppa Pig - Official Channel,31400000,3589,22919271731,United Kingdom
152,YOLO AVENTURAS,31200000,65,9673649438,Venezuela
153,The Tonight Show Starring Jimmy Fallon,31200000,8976,17111726160,United States
154,TheDonato,31200000,3027,6187804950,Argentina
155,ImagineDragons,30700000,92,16793072362,United States
156,Diana and Roma ESP,30700000,578,12355992466,United States
157,Round2hell,30700000,67,3145161634,India
158,Zee News,30500000,180092,16709857823,India
159,AboFlah,30500000,641,4521573939,Kuwait
160,AH,30400000,2197,4332274962,Indonesia
161,Trap Nation,30400000,2725,14037426379,United States
162,? ,30400000,532,17999961915,United States
163,Boram Tube Vlog [锟斤拷锟斤拷锟斤拷锟斤拷锟,30300000,223,13546549817,United States
164,Adele,30200000,15,14199108016,United Kingdom
165,Talking Tom,30200000,2,15199330166,United States
166,   | toyoraljanahtv,30200000,3254,27684955537,Jordan
167,Frost Diamond,30100000,0,7277493940,nan
168,Spinnin' Records,30100000,11501,19607009165,Netherlands
169,Little Angel: Nursery Rhymes & Kids Songs,30100000,1349,22593193994,United States
170,jacksepticeye,30100000,5114,16246625836,nan
171,Shawn Mendes,30000000,133,12831200855,Canada
172,ashish chanchlani vines,29800000,151,4457913639,India
173,Ultra Records,29600000,4903,17208027242,United States
174,Popular on YouTube,29300000,3,0,nan
175,Maluma,29300000,14,21226945136,Argentina
176,Zhong,29200000,1513,14727238483,United States
177,Enaldinho,29200000,3654,11627437847,Brazil
178,AuronPlay,29200000,404,4079141673,Spain
179,Shorts Break,29000000,42,19466238065,nan
180,infobells - Tamil,28900000,555,17930570614,India
181,Aditya Music India,28500000,0,25857994495,nan
182,The Late Late Show with James Corden,28400000,5809,9956764048,United States
183,Aditya Movies,28400000,5436,10062770060,India
184,Masha y el Oso,28300000,6,13577142726,nan
185,infobells - Telugu,28300000,505,14814192034,India
186,HUM TV,28300000,106983,23844936965,Pakistan
187,Shemaroo Movies,28200000,3009,7600740993,India
188,Michael Jackson,28200000,15,14412474625,United States
189,Drake,28100000,3,15318895118,nan
190,Goldmines Dishoom,28000000,3878,8603468420,nan
191,Sandeep Maheshwari,27800000,0,2303069221,Singapore
192,Bounce Patrol - Kids Songs,27800000,292,21037851468,Australia
193,toycantando,27700000,619,15777682516,Colombia
194,MrBeast 2,27500000,27,4552581106,United States
195,Wiz Khalifa,27500000,682,13379395501,United States
196,JYP Entertainment,27400000,1753,19883150017,South Korea
197,?Kids Roma Show,27400000,642,10336420490,United States
198,DanTDM,27400000,3664,19417887510,United Kingdom
199,Nick Jr.,27300000,5438,22440611155,United States
200,Crazy XYZ,27300000,1259,7705492350,India
201,ToyPuddingTV,27100000,nan,15916882228,nan
202,Dushyant kukreja,27100000,889,17318452893,India
203,Gulshan Kalra,27100000,545,12732444881,nan
204,Brent Rivera,27000000,554,6570935979,United States
205,Renato Garcia YT,26900000,3956,7938616641,Brazil
206,Beast Reacts,26700000,241,4388047013,United States
207,enchufetv,26700000,975,10317306313,Colombia
208,Netflix,26700000,6471,7173668905,United States
209,Raffy Tulfo in Action,26500000,10022,15065753455,Philippines
210,WORLDSTARHIPHOP,26500000,6873,20358117330,United States
211,Goldmines Bollywood,26400000,3622,8595760553,India
212,Alan Chikin Chow,26400000,865,27006526665,United States
213,PANDA BOI,26400000,967,17211600007,Italy
214,BB Ki Vines,26300000,190,4749833967,India
215,D Billions,26200000,775,31977463002,United States
216,Junya.锟斤拷锟斤拷,26200000,5985,16097531087,Japan
217,Smosh,26100000,1619,10435474336,United States
218,1MILLION Dance Studio,26100000,0,7886440199,Saudi Arabia
219,NichLmao,26000000,868,14101010609,nan
220,Beyonc锟,26000000,240,17308961985,United States
221,Mar锟斤拷锟斤拷锟?26000000,18597534412,nan,Music,nan
222,Indosiar,25900000,65286,11372071889,Indonesia
223,VanossGaming,25800000,1762,15541421838,Canada
224,David Guetta,25700000,749,17793809548,United States
225,LosPolinesios,25700000,982,7466926260,Mexico
226,Nicki Minaj,25700000,42,10242981063,United States
227,Fede Vigevani,25600000,0,7962725960,nan
228,TaylorSwiftVEVO,25600000,287,25592378292,United States
229,ZHC,25500000,5,2726917087,nan
230,Post Malone,25500000,78,14401218086,United States
231,Rans Entertainment,25400000,3716,6430853035,Indonesia
232,LankyBox,25400000,8775,34300482066,United States
233,Coldplay,25300000,398,17331663193,United Kingdom
234,Las Ratitas,25200000,4,9602246828,nan
235,WB Kids,25200000,2025,11081602368,United States
236,ABPLIVE,25200000,12,7968363381,nan
237,Chris Brown,25200000,0,15520569496,nan
238,The Lallantop,25200000,51129,10409352249,India
239,RihannaVEVO,25100000,118,19458807708,United States
240,WatchMojo.com,25100000,24837,16357064198,Canada
241,TRANS7 OFFICIAL,25000000,89179,14169516119,Indonesia
242,Anuel AA,25000000,147,14827085149,Colombia
243,Dan Rhodes,24800000,1644,17387583720,United Kingdom
244,Yuya,24800000,672,2588501115,Mexico
245,America's Got Talent,24800000,1894,3699352704,United States
246,mujjuu___14,24800000,872,14655527943,nan
247,EminemVEVO,24700000,104,20531704527,United States
248,Chloe Ting,24700000,412,2994726412,Australia
249,KatyPerryVEVO,24600000,175,23755792542,United States
250,Mark Rober,24600000,120,3647987299,United States
251,1theK (锟斤拷锟斤拷?24500000,23962070944,KR,Music,Entertainment
252,Like Nastya AE,24400000,658,12385924995,United States
253,Amit Bhadana,24300000,17,2380248899,nan
254,Pen Movies,24300000,1667,6608773195,India
255,MrBeast en Espa锟斤,24200000,67,2700914170,Mexico
256,shfa show India,24200000,469,15724160183,United Arab Emirates
257,Super JoJo - Nursery Rhymes & Kids Songs,24100000,36,329774870,United States
258,Alejo Igoa,24100000,802,10999000479,Argentina
259,Daniel LaBelle,24100000,287,12916159065,nan
260,netd m锟斤?24100000,56106087508,TR,Music,Music
261,DJ Snake,24100000,252,8425505919,United States
262,Diana and Roma ARA,24100000,590,11041261296,United States
263,KSI,24100000,1252,6002166932,United Kingdom
264,Spider Slack,24000000,901,13943030228,Brazil
265,Goldmines Movies,24000000,3,5652938599,nan
266,Preston,24000000,4009,8279004442,United States
267,James Charles,23900000,505,4067878931,United States
268,Collins Key,23900000,257,6582932625,United States
269,Diana and Roma EN,23900000,511,7213499085,United States
270,Venus Entertainment,23800000,70,5663125358,nan
271,Troom Troom,23800000,2425,10414479943,United States
272,Enrique Iglesias,23800000,443,17688774915,United States
273,Ninja,23700000,1732,2543809954,United States
274,FaZe Rug,23700000,0,7451792132,Canada
275,Mister Max,23700000,1099,15510153803,United Kingdom
276,That Little Puff,23700000,769,20289689389,United States
277,NickyJamTV,23600000,392,15901824841,nan
278,Juan De Dios Pantoja,23600000,226,2135644776,Mexico
279,Logan Paul,23600000,719,5994002464,United States
280,Maya and Mary,23600000,552,6766461070,United States
281,Peppa Pig Espa锟斤拷锟斤拷锟斤拷锟斤拷锟?23600000,7920637200,GB,Film & Animation,Film
282,Jelly,23500000,6066,14777034543,United Kingdom
283,Miss Katy,23500000,1044,14696994366,United Kingdom
284,Tilak,23400000,6672,9465863821,India
285,Valentina Pontes ofc,23400000,1291,7926899136,Brazil
286,Sesame Street,23300000,3657,22471357411,United States
287,Happy Lives,23200000,1,2634,United States
288,Lady Gaga,23200000,172,15751661213,United States
289,Akshay Nagwadiya,23200000,595,7966720147,nan
290,Wave Music Bhojpuri,23100000,22578,12889240875,India
291,GMM GRAMMY OFFICIAL,23100000,15462,25579831081,Thailand
292,TED,23100000,4445,2551113422,United States
293,unknown boy varun,23100000,456,9299371231,India
294,Kids TV - Nursery Rhymes And Baby Songs,23100000,3781,13151870846,United States
295,Tsuriki Show,23000000,2905,31494513067,Germany
296,Technical Guruji,23000000,5041,3378047383,India
297,DrossRotzank,23000000,1598,6041264489,Argentina
298,White Hill Music,23000000,5718,10939966484,India
299,Ultra Movie Parlour,22900000,1670,5320485069,India
300,Alan Becker,22900000,0,5380073627,United States
301,toyorbabytv,22900000,1159,16298342829,Jordan
302,BabyBus - Canciones Infantiles & Videos para Ni锟斤,22900000,Mexico,13206471140,MX
303,KL BRO Biju Rithvik,22800000,1841,17988347989,nan
304,Vania Mania Kids,22700000,985,10115316784,United States
305,Like Nastya PRT,22700000,654,11568118121,nan
306,Sun TV,22600000,60964,20847038152,India
307,Heroindori,22600000,495,9223534599,India
308,The Chainsmokers,22600000,180,14231943358,United States
309,mmoshaya,22600000,1189,17507060680,Saudi Arabia
310,Sia,22600000,171,13405849040,United States
311,LeoNata Family,22600000,2321,27084848152,United States
312,Goldmines Cineplex,22500000,3377,2431154438,India
313,Vlad and Niki Arabic,22500000,526,10613701948,United States
314,SSundee,22500000,3315,13835173331,United States
315,Paulo Londra,22400000,58,8040036209,Argentina
316,Smile Family,22300000,34,8663830163,France
317,FGTeeV,22300000,1724,24059336857,United States
318,Kinder Spielzeug Kanal (Kidibli),22200000,999,11136266461,United States
319,Charlie Puth,22000000,157,9924807127,United States
320,Vlad and Niki ESP,22000000,515,8594440895,United States
321,Sagawa /锟斤拷锟?22000000,18347969186,JP,Entertainment,Entertainment
322,Ben Azelart,21900000,301,4454917643,United States
323,Zach Choi ASMR,21900000,946,5918314128,United States
324,Topper Guild,21900000,816,15552070846,United States
325,Disney Latinoam锟斤拷,21900000,116,20657571751,Mexico
326,Stokes Twins,21800000,257,4469711607,United States
327,National Geographic,21800000,10162,5614621131,United States
328,Dua Lipa,21800000,164,11288359365,United Kingdom
329,OneDirectionVEVO,21800000,266,12140232004,United Kingdom
330,Rotana,21800000,135,19329351143,nan
331,Netflix India,21800000,1,7780934187,nan
332,Sourav Joshi Vlogs,21700000,1390,9392093496,nan
333,ZAMZAM ELECTRONICS TRADING,21700000,15126,8507818877,United Arab Emirates
334,DUDU e CAROL,21600000,2942,9597894786,Brazil
335,Village Cooking Channel,21600000,219,5863377051,India
336,Eva Bravo Play,21600000,228,9346383505,United States
337,Tekashi 6ix9ine,21500000,51,5890180734,United States
338,Tlnovelas,21500000,158,15013096899,Mexico
339,SMOL,21500000,6,22065582014,nan
340,invictor,21500000,17,8409641722,Chile
341,YOLO,21400000,0,1573058816,Germany
342,Sidhu Moose Wala,21400000,114,6264261757,India
343,The Royalty Family,21300000,733,6269945014,United States
344,Becky G,21300000,78,10644857969,United States
345,Ishaan Ali 11,21300000,951,12761253839,India
346,Infinite,21300000,1608,5141834668,United States
347,Azhan5star,21300000,669,10047736580,India
348,Dangal TV Channel,21300000,20225,12895427184,India
349,Khan GS Research Centre,21200000,1,2073073070,nan
350,GMA Public  Affairs,21200000,31989,11364908616,Philippines
351,Tasty,21100000,4728,5783557209,United States
352,Baim Paula,21100000,2325,4526271677,Indonesia
353,nigahiga,21000000,403,4380564906,United States
354,Rafa & Luiz,21000000,2883,7762905663,Brazil
355,Lyrical Lemonade,21000000,420,10631638628,United States
356,Vlad and Niki IDN,21000000,498,9789121606,United States
357,Dr. Vivek Bindra: Motivational Speaker,20900000,896,1693149479,India
358,Fatos Desconhecidos,20900000,6262,3828000587,Brazil
359,Brave Wilderness,20900000,982,4927879069,United States
360,LIV Crime,20900000,9850,11058049885,United States
361,Minecraft - Topic,20900000,0,0,nan
362,Romeo Santos,20900000,6,17324976752,United States
363,Canal Canalha,20800000,288,1870608170,Brazil
364,Kurzgesagt 锟斤拷锟斤拷锟斤?20800000,2378448129,DE,Education,Education
365,Yoeslan,20700000,619,17963202261,United States
366,5-Minute Crafts DIY,20700000,5062,5091618606,United States
367,Zach King,20700000,6,5410164682,nan
368,tuzelity SHUFFLE,20700000,889,8658941531,Russia
369,NBA,20700000,47926,12624879732,United States
370,Deddy Corbuzier,20600000,15,4956090094,Indonesia
371,Bizarrap,20600000,83,7657171980,Argentina
372,Avicii,20600000,156,10292874715,Sweden
373,Mnet K-POP,20500000,33229,15038593883,South Korea
374,LazarBeam,20500000,1323,8768697257,Australia
375,Ninja Kidz TV,20500000,296,11009148579,United States
376,Totoy kids - Portugu锟?20400000,1796227417,BR,Film & Animation,Film
377,Jake Paul,20400000,1006,7311322368,United States
378,Linkin Park,20400000,0,13397000296,Afghanistan
379,Vijay Television,20400000,51515,29406206620,India
380,SlivkiShow,20400000,462,4707412332,Ukraine
381,Emiway Bantai,20400000,239,3579555124,India
382,Got Talent Global,20300000,1245,2441288701,United Kingdom
383,?- Genevieve's Playhouse,20300000,107,11022391339,nan
384,BabyBus - Cerita & Lagu Anak-anak,20300000,875,11819051552,Indonesia
385,Ami Rodriguez,20200000,460,2951914200,Colombia
386,Noor Stars,20200000,693,2764127969,United Arab Emirates
387,Family GamesTV,20200000,0,7066711323,nan
388,Kiddiestv Hindi - Nursery Rhymes & Kids Songs,20200000,226,7274150246,India
389,dednahype,20200000,1935,20919403720,Latvia
390,Marta and Rustam,20200000,761,19694265358,United States
391,MiawAug,20200000,3713,6098644584,Indonesia
392,CookieSwirlC,20100000,3774,23353115850,United States
393,Skrillex,20100000,241,6618524158,United States
394,AuthenticGames,20100000,4974,8920141342,Brazil
395,Robin Hood Gamer,20100000,0,10366850490,nan
396,Pencilmation,20100000,1481,11317309935,United States
397,7clouds,20100000,2384,14816075927,United States
398,5-Minute Crafts PLAY,20100000,5491,6119294270,United States
399,Marvel Entertainment,20100000,1,5634695322,United States
400,BuzzFeedVideo,20100000,7737,17913237851,United States
401,REACT,20000000,4339,13154314376,United States
402,Vevo,20000000,1527,559765455,United States
403,Gordon Ramsay,20000000,1527,3875172235,United Kingdom
404,Pentatonix,20000000,1,6033295543,Canada
405,Green Gold TV - Official Channel,20000000,1476,9715291883,India
406,Gusttavo Lima Oficial,19900000,416,13917423958,Brazil
407,HaerteTest,19800000,1411,3234880084,Germany
408,Crafty Panda,19800000,760,5759442450,United States
409,SOMOY TV,19800000,9930,12293479945,United States
410,JennaMarbles,19700000,250,1803249241,United States
411,Troom Troom Es,19700000,2912,7452667615,nan
412,Official Pink Panther,19700000,1,10955619815,United States
413,Britain's Got Talent,19700000,4225,11323617496,United Kingdom
414,SCTV,19700000,267,9808676159,United Kingdom
415,AS Gaming,19600000,17,2851024430,United States
416,Sony AATH,19600000,18661,13930021471,United States
417,tabii Urdu,19600000,1306,8779729549,Turkey
418,DaFuq!?Boom!,19600000,214,7906181776,United States
419,Clash of Clans,19600000,674,3961318438,United States
420,RKD Studios,19500000,847,5234251168,India
421,DLS News,19400000,4750,2255542592,India
422,JukiLop,19400000,85,1577859332,Mexico
423,etvteluguindia,19400000,125974,23038014291,India
424,FIFA,19400000,10728,5529131886,Switzerland
425,Manoj  parihar,19300000,335,264228052,India
426,Vsauce,19300000,462,2897907132,nan
427,Unbox Therapy,19300000,2175,4508184467,nan
428,shane,19200000,570,4329121104,United States
429,Sonotek,19200000,8285,7590582024,India
430,Jimmy Kimmel Live,19100000,6526,13124645973,United States
431,TheOdd1sOut,19100000,139,4566120190,United States
432,Goldmines Great Indian Comedy,19100000,2948,5194942269,nan
433,Lil Nas X,19100000,37,6339584661,nan
434, ,19000000,60,4924054368,United States
435,SUPER SLICK SLIME SAM,19000000,903,7229175322,Mexico
436,Wow Kidz Action,19000000,1525,8281724393,India
437,Turma da M锟斤拷,19000000,1154,13824277846,Brazil
438,Calvin Harris,19000000,79,16014044618,United Kingdom
439,KBS WORLD TV,19000000,64496,15126092508,South Korea
440,HiMan,18900000,375,2855519150,Russia
441,Masha e o Urso,18900000,0,8301731337,nan
442,Little Angel Espa锟斤拷锟斤拷锟斤拷锟斤拷锟?18900000,9813245108,MX,Education,Education
443,TED-Ed,18800000,2072,3654621568,United States
444,Sidemen,18800000,312,5257834105,United Kingdom
445,Cardi B,18800000,9,7634430188,nan
446,Busy Fun Ltd,18800000,2,7762077012,nan
447,Farruko,18800000,217,9573641299,United States
448,,18800000,530,9594188708,Ukraine
449,Triggered Insaan,18800000,304,3276891538,India
450,CKN,18700000,16,12295637162,Spain
451,Ali-A,18700000,2,6148303268,nan
452,Shemaroo Comedy,18600000,4487,6047584292,India
453,Smile Family Spanish,18600000,457,7008250496,United States
454,GRAMMY GOLD OFFICIAL,18600000,6287,20196704276,Thailand
455,   | Arab Games Network,18600000,Saudi Arabia,8761255550,SA
456,Dan-Sa / Daniel Saboya,18500000,1329,2908120896,Brazil
457,Marmok,18500000,374,3457618361,Russia
458,The ACE Family,18500000,712,4558380251,nan
459,Like Nastya Vlog,18500000,493,8147575884,Russia
460,Willie Salim,18500000,679,4051072188,Indonesia
461,PDK Films,18400000,111,4120324310,United States
462,TheWillyrex,18400000,6943,7038827526,Spain
463,RsiamMusic : 锟斤拷锟斤拷锟斤拷锟斤拷,18400000,3159,11544297793,Thailand
464,Dhar Mann,18400000,0,11280732382,nan
465,shakiraVEVO,18400000,197,25367126292,United States
466,Naisa Alifia Yuriza (N.A.Y),18300000,786,1606834186,Indonesia
467,Miley Cyrus,18300000,142,7760819588,United States
468,IShowSpeed,18300000,1324,1556003039,United States
469,Good Mythical Morning,18300000,0,8798044678,nan
470,Bobby chourasiya,18200000,442,9937823152,nan
471,INCR锟斤?18200000,3213324455,BR,People & Blogs,Howto
472,Jake Fellman,18100000,420,13378360425,United States
473,GEN HALILINTAR,18100000,1037,3306242674,Indonesia
474,SQUEEZIE,18100000,1521,9983065083,France
475,Blippi - Educational Videos for Kids,18100000,707,14857290259,United States
476,officialpsy,18100000,131,10703830496,South Korea
477,Ajay Sharma,18100000,0,12249828886,nan
478,Manual do Mundo,18000000,2470,3980991248,Brazil
479,How Ridiculous,18000000,650,9601137077,Australia
480,And TV,18000000,45,15412333005,United States
481,Sebasti锟斤拷锟?18000000,10463166404,US,News & Politics,Music
482,SonyMusicSouthVEVO,18000000,5692,17921124985,United States
483,TheGrefg,18000000,3566,6404852037,Spain
484,BeatboxJCOP,18000000,748,8716982055,nan
485,David Dobrik,17900000,536,7176572299,United States
486,KatieAngel,17900000,982,3841205465,United States
487,RobleisIUTU,17900000,1344,5168721499,Argentina
488,Lele Pons,17900000,185,5244917119,United States
489,Demi Lovato,17900000,314,6888074944,United States
490,Like Nastya VNM,17900000,602,9867515979,Vietnam
491,Jason Derulo,17900000,830,9887116267,United States
492,MGC Playhouse,17900000,1426,16174530046,United States
493,Zuni and Family,17900000,2,6746269458,nan
494,Priyal Kukreja,17800000,772,11057945183,India
495,MSA previously My Story Animated,17800000,26,8588704539,United States
496,?KIMPRO,17700000,1646,19206701832,South Korea
497,Jane ASMR 锟斤拷,17700000,1888,7387621644,South Korea
498,ArianaGrandeVevo,17700000,178,20115544708,United States
499,jaanvi patel,17700000,512,7912733203,India
500,tanboy kun,17700000,739,3647267655,Indonesia
501,Lil Pump,17700000,60,4196061192,nan
502,Porta dos Fundos,17700000,2240,7739048000,Brazil
503,News 24,17700000,211620,8396875537,Ukraine
504,Les' Copaque Production,17700000,1716,9059696049,Malaysia
505,El Payaso Plim Plim,17700000,1316,17247584185,Argentina
506,zbing z.,17600000,3151,9269174070,Thailand
507,MissaSinfonia,17600000,233,2274007523,Mexico
508,?Liziqi,17600000,128,2977741577,China
509,The Game Theorists,17600000,0,3752347262,Australia
510,DeGoBooM,17600000,4702,6306204566,Chile
511,JFlaMusic,17600000,326,3802280098,South Korea
512,FactTechz,17500000,709,2238134438,India
513,News18 India,17500000,182742,7263619576,India
514,Fun For Kids TV - Hindi Rhymes,17500000,149,7612385622,India
515,IGN,17500000,156215,16107116549,United States
516,Aphmau,17400000,4411,17763586483,United States
517,AMARINTV : 锟斤拷锟斤拷锟斤拷锟斤拷锟斤拷锟斤拷,17400000,118448,13043561912,Thailand
518, - Al-Remas,17400000,2133,11144195464,Iraq
519,Koray Zeynep,17400000,2078,16560557488,nan
520,Apple,17300000,180,1026425106,United States
521,Stubborn Facts,17300000,287,902225615,India
522,Taarak Mehta Ka Ooltah Chashmah,17300000,4778,11371738047,India
523,HowToBasic,17300000,582,3684816159,Australia
524,PopularMMOs,17200000,4685,14573155899,nan
525,Marques Brownlee,17200000,1567,3606912471,United States
526,Anitta,17200000,138,7337212581,Brazil
527,Jason Vlogs,17200000,83,8903647480,Australia
528,El Reino a Jugar,17200000,1007,11445492404,Argentina
529,Willyrex,17200000,7550,5024088947,Spain
530,TheBrianMaps,17100000,498,4448334716,Russia
531,TRANS TV Official,17100000,148225,9710962528,Indonesia
532,Liza Koshy,17100000,142,2173106162,United States
533,Queen Official,17000000,1015,10847948832,United Kingdom
534,Prajapati News,17000000,1407,1001465469,India
535,Gaby and Alex,17000000,1,8229883114,nan
536,LuisFonsiVEVO,17000000,97,14543594822,United States
537,Pop Chartbusters,16900000,2235,8684010451,India
538,Guava Juice,16900000,1910,9111000228,United States
539,EeOneGuy,16900000,366,3827906874,United States
540,VICE,16900000,3900,4609753237,United States
541,Aayu and Pihu Show,16900000,441,9270331567,India
542,Danny Fitt,16900000,2337,9544277833,United States
543,Bispo Bruno Leonardo,16900000,4891,3523578665,Brazil
544,DeToxoMoroxo,16800000,1,2315962318,nan
545,Doggy Doggy Cartoons,16800000,0,6518418501,nan
546,deepesh zo,16800000,41,7206462713,nan
547,Like Nastya IDN,16800000,502,7195314800,Indonesia
548,Gato Galactico | GAL锟斤?16800000,3693798804,BR,Film & Animation,Entertainment
549,Salman Noman,16700000,3,10393037902,nan
550,CoryxKenshin,16700000,1693,7102965621,United States
551,With Kids[锟斤拷锟斤拷?16700000,8826138204,US,Entertainment,Entertainment
552,Travis Scott,16700000,13,7979736581,United States
553,Tu COSMOPOLIS,16700000,8741,5089284369,Mexico
554,Ivana Alawi,16600000,180,1318442641,Philippines
555,Werever2morro,16600000,0,2798273962,Mexico
556,IDEAS EN 5 MINUTOS,16600000,216,3696973456,Spain
557,NMF News,16600000,112261,7435180827,India
558,SriBalajiMovies,16600000,20102,9439857193,India
559,Lahari Music - TSeries,16600000,8976,11946217860,India
560,Younes Zarou,16600000,2200,15278668857,Germany
561,Jordan Matter,16600000,413,5819508534,United States
562, ,16500000,421,2440934034,United States
563,FailArmy,16500000,438,3037260680,United States
564,BBC News Hindi,16500000,21243,7043235131,India
565,FunFun Toy Doll TV,16500000,735,7406207930,United States
566,Sandra Cires Art,16400000,1091,3955426159,United States
567,Kaykai Salaider,16400000,428,4434679706,Thailand
568,UFC - Ultimate Fighting Championship,16400000,14662,7135820721,United States
569,Ch7HD,16400000,56203,9463244435,Thailand
570,RCTI - LAYAR DRAMA INDONESIA,16400000,1,13478392540,nan
571,Alfredo Larin,16400000,1,14431830557,nan
572,GMMTV OFFICIAL锟斤拷,16400000,23952,12844432341,Thailand
573,Matt Stonie,16300000,54,3527627264,United States
574,Boyce Avenue,16300000,490,6578828147,United States
575,Camila Cabello,16300000,80,6613422635,United States
576,Little Mix,16300000,278,7520242626,United Kingdom
577,SAM SMITH,16300000,230,10170264839,United Kingdom
578,Pitbull,16300000,352,12475714382,United States
579,Bollywood Classics,16300000,1444,7141825267,India
580,Technoblade,16300000,989,1656452554,United States
581,W2S,16300000,652,4768370464,United Kingdom
582,Jennifer Lopez,16200000,258,10227242833,United States
583,Kids Play,16200000,593,8091706232,United States
584,T3ddy,16200000,1930,2990185467,Brazil
585,JJ Olatunji,16200000,1294,4076692623,United Kingdom
586,POPS Kids,16200000,3943,9763592867,Vietnam
587,Thairath Online,16200000,244899,14563841315,Thailand
588,LEGO,16200000,31889,20522339099,Singapore
589,XO TEAM,16200000,189,14784781923,United States
590,AdMe,16200000,Spain,4488680903,ES
591,ExtraPolinesios,16200000,2,4813127504,nan
592,Dyland PROS,16100000,2805,1517638132,Indonesia
593,Live,16100000,0,0,nan
594,Vlad and Niki ARA,16100000,510,7399296005,United States
595,Canal IN,16100000,723,2687443643,Brazil
596,TWICE,16100000,1123,5055576881,nan
597,Daily Dose Of Internet,16100000,671,6872702790,United States
598,FitDance,16100000,41,7126210721,France
599,Panda Shorts,16100000,667,7155736006,Sweden
600,Disney Junior,16100000,4045,15812009296,United States
601,La Rosa de Guadalupe,16100000,0,9642146451,Mexico
602,sagar kalra (Shorts),16000000,453,6543629679,nan
603,wifistudy,16000000,52144,3018032423,India
604,Antrax,16000000,687,3029872908,Mexico
605,Enes Batur,16000000,0,9786595271,nan
606,Totoy kids - Espa锟斤,16000000,344,5997599089,Mexico
607,,15900000,0,1845329502,Russia
608,DopeLyrics,15900000,2035,9962188084,United States
609,jeffreestar,15900000,433,2609358468,United States
610,Lyna,15900000,4906,6534326412,Argentina
611,MK MUSIC,15900000,5105,9198986881,Brazil
612,Unspeakable,15900000,796,9052367553,United States
613,Camilo,15900000,132,6802382479,Colombia
614,Dear Sir,15800000,633,1349288771,India
615,Narendra Modi,15800000,20679,3392918989,India
616,Arif muhammad,15800000,542,4122634467,Indonesia
617,Rotten Tomatoes Trailers,15800000,10441,13116313599,United States
618,Volga Video,15700000,16874,9787697838,India
619,DM - Desi Melodies,15700000,79,5914071870,India
620,MY FAMILY,15700000,150,6153495609,Singapore
621,Team Films Bhojpuri,15700000,19703,6626563508,India
622,Zee Music Classic,15700000,1640,5558051295,India
623,Prime Video India,15700000,7090,8696631898,United States
624,Caeli YT,15600000,483,1511794214,Mexico
625,Kuplinov 锟斤拷锟,15600000,6623,6862529416,nan
626,Linus Tech Tips,15600000,6542,7172386509,Canada
627,Juliana Baltar,15600000,2019,3869457097,Brazil
628,5-Minute Crafts FAMILY,15600000,4245,6165757696,United States
629,Blippi Espa锟斤,15500000,598,8984089026,Mexico
630,Super Senya,15500000,0,5070970714,nan
631,Katakit Baby TV,15500000,220,6386271870,Saudi Arabia
632,Infobells Bangla,15500000,359,7776706184,India
633,  ,15500000,1021,8265129639,Saudi Arabia
634,Henrique e Juliano,15500000,325,14619523361,Brazil
635,Mr DegrEE,15500000,0,12880388253,United States
636,Kashvi Adlakha,15500000,1525,12714141740,India
637,Talking Tom & Friends,15500000,417,6396049701,United States
638,   5 ,15500000,5183,4499826716,Egypt
639,Harsh Beniwal,15400000,165,1781226000,India
640,FFUNTV,15400000,379,11513738907,United Arab Emirates
641,Mobile Legends: Bang Bang,15400000,1647,1543608082,United States
642,Roman Atwood Vlogs,15400000,1756,5469103954,United States
643,Mrwhosetheboss,15400000,1577,3736069980,United Kingdom
644,Genierock,15400000,1725,14564170905,Thailand
645,zayn,15400000,21,4909687948,United States
646,Kerajinan 5-Menit,15400000,4186,4750420071,Indonesia
647,FC Barcelona,15300000,10988,2656528205,Spain
648,Dave and Ava - Nursery Rhymes and Baby Songs,15300000,851,10714145606,United States
649,LOKESH GAMER,15300000,1397,1640078055,India
650,ILYA BORZOV,15300000,2175,9938811455,Russia
651,Mazhavil Manorama,15300000,87864,16545966132,India
652,Pok锟斤拷锟斤拷锟斤拷锟斤拷锟?15200000,857725714,IN,People & Blogs,Film
653,The MriDul,15200000,106,4503880875,India
654,Niana Guerrero,15200000,443,1491452935,Philippines
655,SRK MUSIC,15200000,5056,6391679636,India
656,Sony LIV,15200000,11099,7151683497,India
657,T-Series Hamaar Bhojpuri,15200000,9862,7564652648,India
658,Oyuncak Av锟,15200000,654,8333387785,Turkey
659,CNN,15200000,160405,14198154095,United States
660,NDTV India,15200000,91704,6624168155,India
661,It's Mamix,15100000,210,1777072487,United States
662,Kim Loaiza,15100000,18,1576633086,nan
663,Daftar Populer,15100000,3810,2143140898,Indonesia
664,Musas,15100000,159,2400037562,Andorra
665,Ranz Kyle,15100000,533,1760131384,Philippines
666,PowerfulJRE,15100000,1037,3060202847,United States
667,Mariale,15100000,2618,2761547758,United States
668,Makiman131,15100000,2997,4236036141,Spain
669,Hongyu ASMR 锟斤拷,15100000,nan,4967784343,nan
670,Mohamed Ramadan I 锟斤拷锟斤拷锟斤拷?15100000,5324913850,EG,People & Blogs,Entertainment
671,EdisonPts,15100000,3733,6668507856,Russia
672,BIGBANG,15100000,776,7857371770,South Korea
673,Rub锟斤拷锟斤拷锟斤拷,15100000,921,9477021288,Argentina
674,ABS-CBN News,15100000,209520,10489367372,Philippines
675,Chapitosiki,15100000,2717,13897932103,Russia
676,AdeleVEVO,15100000,52,12413869881,United Kingdom
677,MoreAliA,15000000,2324,4352427049,United Kingdom
678,Chetan Monga Vlogs,15000000,899,9924103188,India
679,Little Angel - M锟斤拷锟斤拷锟斤拷锟斤拷锟斤拷,15000000,Brazil,8897705695,BR
680,League of Legends,15000000,1362,7159750970,United States
681,TheRichest,15000000,0,2730879024,United States
682,XpressTV,15000000,724,4008801873,Mexico
683,PlayStation,15000000,20292,4741434420,United States
684,Kwebbelkop,15000000,5198,6889304306,United States
685,Republic Bharat,15000000,206,7536093065,India
686,THE BROWN SIBLINGS,15000000,965,8658553456,India
687,Sony Music South,15000000,2726,9978734160,India
688,BigSchool,15000000,68,9996133066,nan
689,Ray William Johnson,15000000,1803,10239836582,United States
690,KOMPASTV,15000000,269050,11827310821,Indonesia
691,ISSEI / 锟斤拷锟斤拷,15000000,1788,13562853889,Japan
692,Z锟斤拷锟斤拷锟斤拷?15000000,11506702632,BR,Music,Music
693,A2 Motivation by Arvind Arora,15000000,3168,8932038210,India
694,50 Cent,14900000,419,10069000444,United States
695,MNCTV OFFICIAL,14900000,66362,8074260978,Indonesia
696,ERB,14900000,86,4033400167,United States
697,melanie martinez,14900000,127,4395184343,United States
698,iTownGamePlay *Terror&Diversi锟斤,14900000,8420,4977284539,Spain
699,8 : Thai Ch8,14900000,27944,5549770244,Thailand
700,ZutiGang,14900000,1363,15913320995,nan
701,,14900000,1,439098,Russia
702,TazerCraft,14900000,4175,5956193599,Brazil
703,Bayashi TV,14900000,93,8615618825,Japan
704,Fueled By Ramen,14800000,1210,13356517783,United States
705,CrashCourse,14800000,1481,1833519700,United States
706,MattyBRaps,14800000,195,3587576784,United States
707,Lachlan,14800000,3834,5269059435,Australia
708, ,14800000,2387,7018015062,Ukraine
709,Meghan Trainor,14800000,233,8649303688,United States
710,Jorge & Mateus Oficial,14800000,318,9076642765,Brazil
711,Major Lazer Official,14800000,0,9383431376,nan
712,Beast Philanthropy,14800000,34,272678287,Germany
713,Filaretiki,14800000,2222,15788208522,United States
714,5-Minute Crafts Recycle,14800000,3867,8866012877,United States
715, ,14700000,1385,2230986039,Saudi Arabia
716,Maha Fun Tv,14700000,85,1321380490,United States
717,Canal Nostalgia,14700000,554,1506796393,Spain
718,The Slow Mo Guys,14700000,317,2465473772,United States
719,StudyIQ IAS,14700000,43564,4029253667,India
720,Chad Wild Clay,14700000,698,6751985988,United States
721,CollegeHumor,14700000,4340,7255848125,United States
722,Netflix Jr.,14700000,1996,8882319696,United States
723,Colors Rishtey,14700000,23490,12362331529,India
724,ABC News,14700000,80830,12961669452,United States
725,Camila Loures,14700000,3978,4684983333,Brazil
726,Doc Tops,14600000,490,2613197447,Ecuador
727,Auron,14600000,961,3337074920,Spain
728,Jesser,14600000,1244,3603556207,United States
729,Planeta das G锟斤拷,14600000,951,4622581344,Brazil
730,PrestonPlayz,14600000,4009,5766647017,United States
731,Martin Garrix,14600000,365,6017932195,United States
732,O Reino Infantil,14600000,1206,11182302317,Brazil
733,Fifth Harmony,14600000,67,7952268926,United States
734,Mis Pastelitos,14600000,603,2750902766,Mexico
735,Noman Official,14600000,560,5525773746,India
736,LEGENDA FUNK,14500000,0,2440718089,Brazil
737,Like Nastya Stories,14500000,479,6944967581,United States
738,les boys tv2,14500000,453,4577292740,United States
739,Lotus Music,14500000,514,1739129375,India
740,IDEIAS INCR锟斤拷,14500000,5430,3551889957,Brazil
741,Reaction Time,14500000,1717,4260187928,United States
742,BBC News,14500000,18972,4598387043,United Kingdom
743,Eli Kids - Cartoons & Songs,14500000,605,4821183481,United States
744,Boram Tube ToysReview [锟斤拷锟斤拷锟斤拷锟斤拷锟,14500000,South Korea,5014888374,KR
745,Aadishakti Films,14500000,4790,6290721701,India
746,Telemundo,14500000,19201,8582696157,United States
747,GMM25Thailand,14500000,68606,9383692066,Thailand
748,TV9 Bharatvarsh,14500000,293516,10303519926,India
749,Maroon5VEVO,14500000,147,20042571499,United States
750,Saad Lamjarred | 锟斤拷锟斤拷锟斤?14500000,4315486422,MA,Music,Music
751,Hear This Music,14500000,39,9201428420,nan
752,Lilly Singh,14500000,1064,3517662420,Canada
753,?14400000,600154268,KR,Entertainment,Entertainment
754,Gyan Gaming锟?14400000,2224121890,IN,Gaming,Games
755,Drawblogs,14400000,399,1629801448,Peru
756,NOBRU,14400000,2,351763324,nan
757,  I   ,14400000,Saudi Arabia,2972474215,SA
758,Cyprien,14400000,222,3086254545,France
759,Rclbeauty101,14400000,463,3900312631,United States
760,Coke Studio,14400000,450,4035738731,United States
761,Indore Physical Academy,14400000,1838,4156427797,India
762,Rosanna Pansino,14400000,1248,4597228794,United States
763,Harry Styles,14400000,0,5689224452,United States
764,Vlad and Niki PRT,14400000,516,6543282459,United States
765,RS 1313 SHORTS,14400000,5628,8011977288,India
766,Zig & Sharko,14400000,978,9023952946,nan
767,SelenaGomezVEVO,14400000,186,11423792969,United States
768,ZEE5,14400000,101401,18515587421,India
769,Super Polina,14300000,576,4776507159,United States
770,Rebecca Zamolo,14300000,1,6388439235,United States
771,Wish 107.5,14200000,1823,6048517979,Philippines
772,Invento na Hora,14200000,1281,4040297006,Brazil
773,SIS vs BRO,14200000,60,6973932553,Ukraine
774,NikkieTutorials,14200000,876,1778318927,Netherlands
775,TommyInnit,14200000,342,2084791147,United Kingdom
776,E-MasterSensei,14200000,1300,3920559552,Mexico
777,infobells - Kannada,14200000,433,6554000320,India
778,Crazy Frog,14200000,0,7946322061,nan
779,The Dodo,14200000,nan,9964116817,nan
780,SEVENGERS,14200000,872,10238593147,India
781,Zee Bangla,14200000,132398,11428794827,India
782,DangMattSmith,14200000,1724,3317805543,United States
783,Neha Kakkar,14100000,149,2131548711,India
784,#Refugio Mental,14100000,846,3594936775,nan
785, ,14100000,65,3920221322,nan
786,Trap City,14100000,3,5129529846,Australia
787,Supercar Blondie,14100000,855,5405563355,United Arab Emirates
788,Yudist Ardhana,14100000,2854,6036496916,Indonesia
789,Lana Del Rey,14100000,43,6884215292,United States
790,MalumaVEVO,14100000,182,19013942981,United States
791,F2Freestylers - Ultimate Soccer Skills Channel,14100000,United Kingdom,3280481927,GB
792,Bie The Ska,14100000,1540,4627069704,Thailand
793,AM3NlC,14000000,5757,4959982720,Brazil
794,Narins Beauty,14000000,431,2214167846,Sweden
795,TV Ana Emilia,14000000,651,4674164601,Mexico
796,,14000000,2210,7719743112,Russia
797,Luli Pamp锟?14000000,8623705301,ES,Music,Music
798,Gallina Pintadita,14000000,62,9660950823,Mexico
799,ViralHog,14000000,41117,18917687143,United States
800,ETV Jabardasth,14000000,9652,13542939513,India
801,Zee Telugu,14000000,3,12597067132,India
802,Crescendo com Luluca,14000000,1307,5094050461,Brazil
803,Jazzghost,13900000,5494,5673347763,Brazil
804,karameeshchannel,13900000,2254,9106781518,Jordan
805,Darkar Company Studios,13900000,183,2244318380,United States
806,Dental Digest,13900000,324,7450345720,nan
807,T-Series Regional,13900000,15075,5217553897,India
808,ADEL et SAMI,13900000,503,5465532801,United States
809,Jamuna TV,13900000,6,12129583055,Bangladesh
810,Atlantic Records,13900000,1660,12513842343,United States
811,  ,13900000,504,8451754769,United States
812,Veritasium,13900000,369,2165885634,United States
813,Alexa Rivera,13900000,288,3193226072,nan
814,Airrack,13800000,173,2224911030,United States
815,Hacksmith Industries,13800000,887,1820559912,Canada
816,JD Pantoja,13800000,16,1493776391,nan
817,/Atro,13800000,1952,2480957682,Netherlands
818,123 GO! Spanish,13800000,520,5019136690,Mexico
819,Geo News,13800000,190093,5727888539,Pakistan
820,Kids TV India Hindi Nursery Rhymes,13800000,1505,6646953396,India
821,Think Music India,13800000,4978,11039343563,India
822,O Que N锟斤拷锟斤拷锟斤?13700000,1967930734,BR,Comedy,Entertainment
823,Goldmines Premiere,13700000,975,1973638757,India
824,MAIKI021,13700000,3298,1950178163,Brazil
825,The Vishal bhatt,13700000,1040,9596430464,India
826,NishaMadhulika,13700000,2158,2939201386,India
827,MyMissAnand,13700000,340,4963275018,India
828,FAPTV,13700000,863,5457203710,Vietnam
829,Wesley Safad锟?13700000,8134379376,BR,Music,Music
830,infobells,13700000,495,5178142148,India
831,Desi Gamers,13700000,1,2135195239,nan
832,Acenix,13600000,368,2122062016,Spain
833,Zeinab Harake,13600000,273,896891351,Philippines
834,DALLMYD,13600000,412,1948925559,United States
835,Lindsey Stirling,13600000,199,3764608356,United States
836,JOJO TV - Hindi Stories,13600000,1097,5141201173,India
837,BBC,13600000,16047,9685060624,United Kingdom
838,Saturday Night Live,13600000,8335,14717282742,United States
839,BUDI01 GAMING,13500000,319,1181292450,Indonesia
840,Typical Gamer,13500000,4312,4301581610,Canada
841,Anaysa,13500000,591,3445794123,India
842,JULIA GISELLA,13500000,19,5380132790,United Kingdom
843,Awakening Music,13500000,814,5545936485,United Kingdom
844,Lady Diana,13500000,1403,8265920659,Ukraine
845,Sanjoy Das Official,13500000,1793,3912334359,India
846,Woody & Kleiny,13500000,975,11717217293,United Kingdom
847,Vijay Kumar Viner Vlogs,13500000,1357,7958771872,India
848,Conor Maynard,13500000,321,2750993392,United States
849,Wengie,13500000,462,1900272833,United States
850,Vlad y Niki Show,13400000,477,4622628957,United States
851,Codiscos,13400000,7356,11789678655,Colombia
852,The World Adventures 锟斤拷锟斤拷锟斤拷,13400000,1028,2139769210,India
853,Vibhu 96,13400000,256,20563378,India
854,Blockbuster Movies,13400000,0,2650061211,India
855,ATHLEAN-X锟?13400000,2319515787,US,Howto & Style,Howto
856,My Mate Nate,13400000,1195,3363634923,Thailand
857,H2ODelirious,13400000,3727,4356686216,United States
858,GMA Integrated News,13400000,296272,9569814790,Philippines
859,Peet Montzingo,13400000,319,10022557589,United States
860,The Q,13400000,96,4306212515,United States
861,Trakin Tech,13300000,3640,2262690743,India
862,theRadBrad,13300000,8195,6050102764,United States
863,Matt Steffanina,13300000,331,3299216601,United States
864,Stray Kids,13300000,3,3364230487,nan
865,Kurt Hugo Schneider,13300000,698,3733856870,United States
866,Vogue,13300000,3166,4177184071,United States
867,,13300000,608,6482687220,Russia
868,Kids Line锟斤拷锟斤拷锟斤拷锟?13300000,9088562002,US,People & Blogs,Education
869,VexTrex,13300000,2411,7923901253,Ukraine
870,penguinz0,13300000,4613,7773543609,United States
871,Just For Laughs Gags,13300000,6916,7406628736,United States
872,Kabita's Kitchen,13300000,1489,2831275503,India
873,BanderitaX,13300000,1640,4129249415,Saudi Arabia
874,AzzyLand,13300000,1749,6412313570,Canada
875,HUBA锟斤拷,13200000,538,9884886099,United States
876,BIBO 锟斤拷锟斤拷锟斤?13200000,1148422000,RU,Entertainment,Entertainment
877,Brawl Stars,13200000,172,2036408398,Finland
878,Ei Nerd,13200000,0,3568392223,nan
879,Sonotek Bhakti,13200000,8019,3789736218,India
880,Vilmei,13200000,1324,4205664894,Indonesia
881,MC Divertida,13200000,413,5224764969,Brazil
882,The Infographics Show,13200000,4279,5263540904,United States
883,jbalvinVEVO,13200000,237,20743586601,Colombia
884,TwinsFromRussia,13200000,6888,9378175604,United States
885,Technology Gyan,13200000,1022,1138262456,India
886,CookingShooking Hindi,13200000,393,1758603195,India
887,Ryan Trahan,13100000,33,2182651464,United States
888,Alex Gonzaga Official,13100000,287,1401914513,Philippines
889,WiederDude,13100000,289,2733682792,United States
890,Ian Boggs,13100000,1327,9110348202,nan
891,Lokdhun Punjabi,13100000,1262,4712624489,India
892,Knowledge Tv 锟斤拷锟斤拷锟斤拷,13100000,7,1936582704,nan
893,Painzeiro,13100000,1077,2555801802,Brazil
894,Peppa Pig em Portugu锟斤拷锟斤拷锟斤拷锟斤拷锟,13100000,Brazil,4214172991,BR
895,?Ms Yeah,13100000,435,4399833602,United States
896,Hungria Hip Hop,13100000,73,4608751851,Brazil
897,RaptorGamer,13100000,1444,2879263916,Ecuador
898,RedeTV,13100000,36760,5333569294,Brazil
899,twenty one pilots,13100000,194,5264039679,United States
900,DJ Khaled,13100000,12,6637820731,Samoa
901,Davie504,13000000,838,2683297849,Italy
902,Everson Zoio,13000000,625,1024467771,Brazil
903,Calon Sarjana,13000000,29,10664585,Indonesia
904,Lofi Girl,13000000,409,1698279553,France
905,Jomy Production,13000000,8,5057163256,India
906,GH'S,13000000,510,8739174649,South Korea
907,JesseAndMike,13000000,716,9999238237,United States
908,Wolfoo Channel,13000000,22,301547793,Pakistan
909,Susy Mouriz,13000000,1299,6270909026,Mexico
910,7 Minutoz,13000000,521,4349562794,Brazil
911,The LaBrant Fam,13000000,612,4637474071,United States
912,Pastor Ant锟斤拷锟斤拷?12900000,2112274210,BR,People & Blogs,People
913,Matheus Yurley,12900000,69,140022442,Brazil
914,gymvirtual,12900000,1572,2509752944,Spain
915,BIBO锟斤拷锟斤拷?12900000,3178222797,KR,Entertainment,Entertainment
916,Top Viral Talent,12900000,1598,3643698504,United States
917,Akon,12900000,39,6300933122,United States
918,AlArabiya 锟斤拷锟斤拷锟,12900000,169304,7520379951,United Arab Emirates
919,Rauw Alejandro,12900000,168,11504090820,nan
920,EnriqueIglesiasVEVO,12900000,137,15446707595,United States
921,  ,12900000,1255,5585085130,Ukraine
922,The Shiny Peanut,12900000,2337,2848466522,Indonesia
923,Talking Angela,12800000,233,3632438963,United Kingdom
924,Melon City Show - 锟斤拷锟斤拷锟斤拷锟斤拷锟斤拷锟,12800000,Iraq,5863456698,IQ
925,Duo Tiempo De Sol,12800000,323,6662288136,Spain
926,Troom Troom India,12800000,2385,6804072897,nan
927,MrSuicideSheep,12800000,3483,6970899521,Canada
928,Adam W,12800000,681,9502983550,United States
929,Right to Shiksha,12800000,2044,7876740921,India
930,Beyonc锟斤拷,12800000,168,14185611472,United States
931,FACT FIRE KING,12700000,782,1159290255,India
932,Ian Lucas,12700000,50,1450874545,nan
933,Franco Escamilla,12700000,2483,4266957149,Mexico
934,Adexe & Nau,12700000,594,4579773883,Spain
935,Diana and Roma IND,12700000,534,5567832210,United States
936,Jass Records,12700000,1,5958994201,nan
937,Future,12700000,119,9927699419,United States
938,YoungBoy Never Broke Again,12700000,142,13174393401,United States
939,Blossom,12700000,812,4733873025,United States
940,#Ref锟斤拷锟斤拷,12700000,846,2709954270,nan
941,Piuzinho,12700000,504,1081285962,Brazil
942,Heidi y Zidane,12700000,600,6001189018,United States
943,Go Ami Go!,12700000,252,1714955279,Colombia
944,Morgz,12600000,825,3303595310,United Kingdom
945,CaseyNeistat,12600000,1101,3152402405,United States
946,齋ULGI,12600000,683,3485373675,South Korea
947,NickiMinajAtVEVO,12600000,99,8831179714,United States
948,Ellie Goulding,12600000,218,6969178081,United Kingdom
949,colinfurze,12500000,385,1612094871,United Kingdom
950,People Vs Food,12500000,601,1136534702,United States
951,Wolfoo Family,12500000,61,161254021,United States
952,Ja Mill,12500000,0,1302818088,nan
953,Health Time,12500000,1810,1002219689,India
954,Yair17,12500000,1109,1402042328,Mexico
955,Little Baby Bum en Espa锟斤,12500000,1459,6956320454,Spain
956,First We Feast,12500000,1076,2983799729,United States
957,M锟斤拷锟斤拷,12500000,766,3140883140,Mexico
958,Bebefinn - Nursery Rhymes & Kids Songs,12500000,322,4163639093,United States
959,Troom Troom PT,12500000,2738,4384177908,nan
960,Parafernalha,12500000,1888,4625777945,Brazil
961,NDTV,12500000,151136,4935793409,India
962,elcarteldesantatv,12500000,377,7489455451,Mexico
963,Family Fitness,12500000,1699,10384848759,India
964,Zee Tamil,12500000,102699,11552190002,India
965,Flowers Comedy,12500000,11907,11691081301,India
966,Mundo Bita,12500000,253,16690788752,Brazil
967,Wave Music Bhakti,12500000,19899,5146004207,India
968,Troom Troom Indonesia,12500000,8,5379684248,nan
969,CKM,12500000,117,4465772496,India
970,Quantum Tech HD,12500000,223,4340213066,Pakistan
971,_vector_,12400000,398,7597013023,United States
972,DEV Ke Facts,12400000,218,1971226335,India
973,Hero Movies 2023,12400000,689,1689090619,nan
974,LOUD,12400000,690,2394143260,United States
975,Gibby :),12400000,226,2862685032,Mexico
976,Gustavo Par锟斤拷,12400000,9,2602614088,Brazil
977,SAAIHALILINTAR,12400000,409,1113066203,Indonesia
978,Timba Vk,12400000,1024,2840137980,Spain
979,Heidi and Zidane HZHtube,12400000,813,4021409291,Canada
980,DaniRep | +6 V锟斤拷锟斤拷锟斤拷锟斤拷锟斤拷?12400000,6933660906,ES,Gaming,Games
981,Zee Kids,12400000,1212,7683670251,India
982,Pari's Lifestyle,12400000,459,7741764747,India
983,DisneyChannelUK,12400000,4422,12607488647,United Kingdom
984,MoniLina,12400000,0,16086808918,United States
985,bharatzkitchen HINDI,12400000,729,2315226648,India
986,TKOR,12400000,0,3392022527,nan
987,ANNA KOVA,12400000,1,13959586308,nan
988,Avril Lavigne,12400000,205,6202090191,United States
989,Caylus,12400000,1340,4779139505,United States
990,Migos ATL,12400000,99,6993406259,United States
991,Natan por A锟,12300000,1200,9029609749,Brazil
992,Free Fire India Official,12300000,1500,1674409945,India
993,Panda,12300000,2452,2214684303,United Kingdom
994,RobTopGames,12300000,39,374123483,Sweden
995,Make Joke Of,12300000,62,2129773714,India
